1,International Paradigm Planner,Specialist,900
2,Future Accountability Analyst,Administrator,1000
3,Principal Tactics Strategist,Analyst,500
4,Central Factors Analyst,Analyst,900
5,Future Infrastructure Agent,Developer,400
6,Senior Creative Strategist,Director,700
7,Product Division Architect,Coordinator,700
8,Regional Response Orchestrator,Architect,500
9,Forward Identity Consultant,Officer,900
10,Future Group Agent,Planner,300
11,District Optimization Director,Assistant,900
12,Central Functionality Associate,Administrator,1500
13,Senior Mobility Producer,Producer,1000
14,Internal Data Associate,Associate,300
15,Forward Data Associate,Architect,500
16,Internal Directives Specialist,Engineer,700
17,District Markets Specialist,Developer,300
18,District Marketing Officer,Consultant,800
19,Product Markets Officer,Specialist,600
20,Global Operations Analyst,Orchestrator,900
21,Customer Solutions Producer,Consultant,700
22,Lead Program Director,Director,600
23,Regional Functionality Specialist,Architect,700
24,Direct Accountability Orchestrator,Engineer,700
25,Direct Web Liaison,Coordinator,700
26,Legacy Tactics Consultant,Orchestrator,900
27,Central Brand Executive,Analyst,1500
28,Forward Program Supervisor,Director,600
29,Dynamic Directives Coordinator,Producer,300
30,Direct Accounts Supervisor,Consultant,700
31,Legacy Intranet Technician,Orchestrator,800
32,District Optimization Liaison,Agent,500
33,Forward Creative Supervisor,Planner,2000
34,Lead Directives Specialist,Representative,900
35,Lead Brand Analyst,Liaison,500
36,Principal Directives Developer,Architect,500
37,Direct Intranet Director,Manager,800
38,Future Quality Designer,Strategist,600
39,District Functionality Architect,Analyst,900
40,Investor Quality Developer,Administrator,1500
41,Chief Optimization Strategist,Engineer,700
42,Senior Configuration Director,Orchestrator,300
43,Legacy Communications Executive,Facilitator,1500
44,Lead Directives Coordinator,Engineer,800
45,Regional Infrastructure Supervisor,Director,300
46,Chief Mobility Developer,Designer,400
47,Direct Quality Administrator,Administrator,700
48,Corporate Tactics Designer,Technician,500
49,Principal Factors Manager,Associate,2000
50,National Optimization Manager,Facilitator,300
51,Dynamic Operations Strategist,Technician,800
52,Legacy Data Designer,Developer,1000
53,Dynamic Implementation Orchestrator,Technician,400
54,Future Program Representative,Technician,1000
55,Principal Mobility Coordinator,Executive,300
56,Lead Program Designer,Orchestrator,700
57,Dynamic Integration Associate,Assistant,900
58,Regional Interactions Officer,Assistant,300
59,Senior Intranet Assistant,Representative,300
60,Direct Infrastructure Executive,Coordinator,700
61,Central Operations Analyst,Orchestrator,300
62,Direct Interactions Technician,Technician,2000
63,International Branding Administrator,Specialist,1000
64,Senior Response Designer,Coordinator,900
65,Principal Security Associate,Technician,800
66,Legacy Factors Officer,Liaison,900
67,Global Usability Officer,Orchestrator,600
68,Legacy Solutions Architect,Supervisor,600
69,Senior Functionality Supervisor,Strategist,800
70,Future Branding Planner,Producer,1500
71,Direct Data Producer,Associate,1500
72,Product Interactions Coordinator,Supervisor,700
73,National Implementation Coordinator,Administrator,700
74,District Branding Manager,Supervisor,1000
75,Human Communications Developer,Strategist,900
76,Direct Optimization Representative,Director,300
77,Internal Response Technician,Supervisor,900
78,Internal Usability Liaison,Producer,1500
79,Regional Research Representative,Facilitator,1000
80,Lead Branding Associate,Orchestrator,700
81,Internal Group Engineer,Director,1500
82,Product Marketing Liaison,Representative,300
83,Future Quality Manager,Planner,600
84,Product Paradigm Coordinator,Liaison,900
85,Global Identity Technician,Associate,2000
86,Senior Applications Liaison,Executive,1000
87,Regional Security Planner,Producer,1000
88,District Group Specialist,Developer,700
89,Corporate Applications Administrator,Coordinator,700
90,Dynamic Marketing Officer,Specialist,300
91,Direct Tactics Designer,Assistant,900
92,Principal Factors Coordinator,Director,400
93,National Applications Manager,Officer,2000
94,Legacy Solutions Engineer,Specialist,700
95,Future Accountability Architect,Analyst,900
96,Chief Infrastructure Developer,Administrator,300
97,Corporate Integration Specialist,Coordinator,400
98,District Branding Specialist,Director,1000
99,Future Configuration Manager,Engineer,900
100,Dynamic Intranet Analyst,Representative,900
101,Regional Identity Director,Liaison,1500
102,Dynamic Communications Consultant,Officer,600
103,Chief Assurance Designer,Orchestrator,400
104,Direct Interactions Consultant,Specialist,600
105,Human Implementation Manager,Engineer,900
106,Customer Data Manager,Developer,2000
107,Investor Directives Specialist,Designer,300
108,Corporate Paradigm Assistant,Administrator,1000
109,Product Factors Consultant,Architect,2000
110,Central Integration Liaison,Technician,1500
111,Central Accountability Strategist,Manager,1000
112,Regional Communications Officer,Specialist,2000
113,Product Creative Producer,Assistant,700
114,Global Operations Facilitator,Orchestrator,2000
115,Dynamic Factors Producer,Engineer,2000
116,Global Mobility Executive,Orchestrator,400
117,Dynamic Identity Supervisor,Engineer,800
118,Customer Optimization Consultant,Supervisor,800
119,Regional Response Architect,Agent,2000
120,Principal Branding Architect,Executive,2000
121,Customer Infrastructure Architect,Planner,700
122,Senior Configuration Strategist,Assistant,600
123,Principal Applications Supervisor,Assistant,300
124,Future Configuration Assistant,Assistant,1500
125,International Optimization Coordinator,Officer,2000
126,Global Functionality Associate,Analyst,700
127,Corporate Mobility Architect,Technician,400
128,Central Configuration Executive,Designer,300
129,Lead Functionality Designer,Agent,600
130,Product Research Executive,Assistant,1500
131,International Group Director,Liaison,400
132,Regional Intranet Supervisor,Executive,700
133,District Group Administrator,Architect,700
134,Human Directives Agent,Manager,1500
135,Forward Paradigm Orchestrator,Strategist,400
136,Principal Branding Assistant,Associate,2000
137,Dynamic Optimization Liaison,Orchestrator,500
138,Customer Security Planner,Administrator,900
139,Corporate Research Analyst,Orchestrator,300
140,Regional Accountability Associate,Manager,800
141,Global Intranet Executive,Officer,800
142,Product Marketing Producer,Director,800
143,National Web Administrator,Executive,500
144,Direct Metrics Coordinator,Executive,900
145,Dynamic Brand Manager,Technician,700
146,Lead Interactions Producer,Strategist,300
147,Legacy Assurance Consultant,Director,900
148,Regional Research Architect,Producer,900
149,National Marketing Orchestrator,Facilitator,300
150,Future Data Architect,Facilitator,2000
151,National Division Officer,Liaison,1000
152,International Response Administrator,Liaison,500
153,Central Functionality Planner,Supervisor,500
154,International Infrastructure Producer,Consultant,900
155,Central Infrastructure Representative,Supervisor,500
156,International Configuration Director,Technician,700
157,Chief Tactics Assistant,Representative,800
158,District Accountability Director,Assistant,500
159,Dynamic Usability Agent,Agent,300
160,Product Implementation Executive,Associate,300
161,International Accounts Orchestrator,Director,1500
162,Human Directives Strategist,Strategist,600
163,Dynamic Security Supervisor,Specialist,1500
164,Lead Communications Developer,Executive,1500
165,Principal Group Officer,Director,600
166,Direct Communications Designer,Developer,900
167,International Marketing Consultant,Orchestrator,900
168,Dynamic Web Agent,Analyst,1500
169,Internal Intranet Executive,Developer,900
170,International Optimization Representative,Technician,1000
171,Dynamic Creative Supervisor,Strategist,2000
172,Dynamic Solutions Engineer,Consultant,800
173,Future Identity Designer,Strategist,300
174,Customer Accountability Assistant,Consultant,600
175,Internal Paradigm Technician,Assistant,500
176,Customer Communications Supervisor,Executive,1500
177,Corporate Applications Assistant,Planner,1000
178,Customer Marketing Orchestrator,Executive,800
179,Principal Functionality Technician,Technician,2000
180,Dynamic Quality Executive,Developer,1500
181,Central Assurance Producer,Analyst,600
182,Human Assurance Architect,Officer,600
183,Legacy Mobility Specialist,Specialist,1000
184,Future Directives Architect,Agent,1000
185,Lead Response Engineer,Engineer,400
186,Internal Accountability Facilitator,Engineer,1000
187,Corporate Intranet Assistant,Supervisor,300
188,Product Operations Representative,Representative,300
189,Senior Division Coordinator,Architect,600
190,National Response Designer,Engineer,400
191,District Integration Coordinator,Developer,400
192,Chief Functionality Administrator,Specialist,1000
193,Dynamic Accountability Executive,Coordinator,2000
194,Lead Creative Specialist,Facilitator,1500
195,Chief Program Officer,Administrator,900
196,Future Creative Producer,Director,600
197,National Accountability Strategist,Associate,400
198,Investor Usability Orchestrator,Consultant,700
199,Corporate Directives Associate,Facilitator,1000
200,National Accounts Associate,Officer,1000
201,Central Factors Designer,Engineer,600
202,Product Paradigm Technician,Liaison,300
203,Senior Paradigm Executive,Engineer,600
204,Investor Division Liaison,Executive,1500
205,Senior Implementation Architect,Manager,300
206,National Implementation Assistant,Director,600
207,District Infrastructure Orchestrator,Representative,2000
208,Customer Directives Analyst,Supervisor,500
209,Senior Group Coordinator,Agent,500
210,Investor Creative Planner,Orchestrator,600
211,Lead Tactics Director,Administrator,400
212,Product Creative Facilitator,Agent,600
213,Senior Division Specialist,Producer,900
214,Regional Paradigm Manager,Engineer,400
215,National Configuration Orchestrator,Representative,300
216,Global Functionality Designer,Representative,2000
217,Lead Implementation Facilitator,Coordinator,500
218,Corporate Identity Specialist,Orchestrator,800
219,Dynamic Division Administrator,Coordinator,2000
220,Chief Markets Consultant,Developer,500
221,Legacy Factors Architect,Assistant,1500
222,Investor Tactics Associate,Specialist,700
223,Central Applications Manager,Specialist,700
224,National Group Supervisor,Associate,600
225,Future Applications Producer,Assistant,500
226,Legacy Intranet Orchestrator,Developer,1500
227,Future Usability Officer,Developer,300
228,Human Accountability Assistant,Engineer,500
229,Lead Marketing Executive,Director,1500
230,District Paradigm Strategist,Designer,1000
231,Lead Tactics Designer,Officer,800
232,Legacy Usability Facilitator,Orchestrator,2000
233,Corporate Identity Administrator,Coordinator,900
234,Future Accounts Administrator,Officer,700
235,Dynamic Factors Engineer,Director,700
236,Corporate Group Consultant,Manager,800
237,Legacy Operations Supervisor,Administrator,2000
238,Regional Usability Assistant,Consultant,500
239,Internal Functionality Agent,Liaison,1000
240,Dynamic Communications Consultant,Coordinator,500
241,Customer Response Developer,Analyst,1500
242,Dynamic Web Strategist,Coordinator,900
243,District Security Director,Designer,400
244,International Functionality Analyst,Coordinator,900
245,International Response Specialist,Designer,700
246,Customer Marketing Designer,Specialist,800
247,Investor Program Facilitator,Analyst,400
248,Lead Factors Developer,Executive,800
249,Legacy Response Producer,Facilitator,1500
250,Investor Accounts Liaison,Liaison,900
251,Investor Accountability Designer,Architect,1000
252,International Research Strategist,Producer,700
253,Internal Mobility Executive,Manager,700
254,Future Tactics Officer,Liaison,2000
255,Human Division Supervisor,Analyst,1500
256,Human Web Executive,Architect,500
257,International Branding Strategist,Engineer,700
258,Lead Directives Producer,Liaison,700
259,Dynamic Intranet Planner,Strategist,1000
260,Dynamic Communications Manager,Engineer,600
261,Customer Metrics Specialist,Director,600
262,Investor Group Technician,Architect,900
263,Future Assurance Executive,Developer,700
264,Central Brand Associate,Specialist,1500
265,Dynamic Mobility Specialist,Engineer,600
266,Customer Functionality Planner,Supervisor,1000
267,Regional Usability Manager,Coordinator,1000
268,Investor Web Planner,Architect,300
269,International Integration Facilitator,Strategist,2000
270,Regional Metrics Orchestrator,Representative,900
271,Direct Marketing Director,Executive,300
272,Global Solutions Administrator,Executive,600
273,Dynamic Data Strategist,Specialist,400
274,Human Directives Strategist,Architect,900
275,International Security Technician,Administrator,1000
276,District Data Assistant,Manager,400
277,Corporate Web Engineer,Director,1500
278,Senior Creative Designer,Specialist,1500
279,Forward Solutions Facilitator,Manager,900
280,Direct Operations Executive,Executive,500
281,Dynamic Usability Assistant,Associate,2000
282,Senior Accounts Engineer,Supervisor,700
283,Forward Solutions Administrator,Assistant,600
284,Human Solutions Strategist,Orchestrator,800
285,Internal Security Assistant,Technician,800
286,Internal Security Assistant,Assistant,600
287,Regional Quality Analyst,Liaison,600
288,Investor Creative Engineer,Executive,500
289,Forward Applications Designer,Assistant,1000
290,Regional Interactions Manager,Liaison,700
291,Investor Operations Associate,Administrator,500
292,Internal Solutions Orchestrator,Supervisor,1000
293,Global Division Facilitator,Planner,500
294,Dynamic Division Agent,Liaison,600
295,International Markets Producer,Planner,1000
296,National Directives Orchestrator,Liaison,600
297,Principal Marketing Director,Administrator,2000
298,Customer Response Agent,Consultant,400
299,Human Tactics Administrator,Administrator,800
300,National Operations Technician,Manager,700
301,Lead Accountability Specialist,Manager,1000
302,International Solutions Strategist,Representative,500
303,Regional Usability Administrator,Designer,300
304,Regional Configuration Administrator,Coordinator,600
305,Corporate Intranet Orchestrator,Consultant,1500
306,Lead Group Technician,Officer,1000
307,Corporate Mobility Designer,Engineer,500
308,Lead Program Specialist,Technician,900
309,Customer Solutions Architect,Liaison,600
310,International Directives Specialist,Associate,1500
311,Global Quality Designer,Executive,800
312,Principal Quality Representative,Developer,400
313,Corporate Infrastructure Director,Technician,2000
314,Direct Factors Representative,Executive,700
315,Lead Tactics Director,Engineer,400
316,Customer Accounts Developer,Facilitator,900
317,Internal Accounts Associate,Technician,2000
318,District Accountability Representative,Designer,500
319,Dynamic Marketing Officer,Supervisor,900
320,Central Optimization Orchestrator,Technician,400
321,Customer Mobility Planner,Engineer,500
322,Senior Directives Assistant,Developer,300
323,Product Metrics Facilitator,Designer,2000
324,Legacy Accounts Director,Engineer,400
325,Internal Markets Specialist,Designer,300
326,Legacy Branding Consultant,Planner,300
327,Senior Configuration Coordinator,Producer,500
328,Product Intranet Architect,Representative,1000
329,Chief Program Engineer,Designer,400
330,Central Branding Specialist,Orchestrator,1000
331,Lead Web Architect,Associate,600
332,Chief Group Technician,Director,2000
333,Central Configuration Coordinator,Architect,400
334,Forward Mobility Orchestrator,Executive,400
335,District Solutions Coordinator,Engineer,600
336,Product Branding Planner,Assistant,2000
337,Internal Usability Planner,Liaison,600
338,Global Data Assistant,Administrator,1500
339,Lead Web Facilitator,Facilitator,700
340,Future Metrics Specialist,Developer,1500
341,International Research Consultant,Representative,900
342,Regional Brand Developer,Assistant,600
343,Chief Solutions Technician,Representative,900
344,Internal Optimization Agent,Engineer,500
345,District Intranet Strategist,Agent,900
346,Lead Interactions Director,Assistant,900
347,Internal Creative Architect,Director,300
348,Direct Usability Liaison,Manager,800
349,Principal Tactics Strategist,Facilitator,1000
350,Regional Security Administrator,Producer,900
351,Legacy Intranet Representative,Manager,700
352,National Applications Engineer,Manager,900
353,Chief Applications Assistant,Facilitator,700
354,Investor Identity Manager,Orchestrator,400
355,Lead Communications Developer,Analyst,500
356,Future Configuration Facilitator,Executive,600
357,Legacy Security Liaison,Coordinator,2000
358,Customer Group Facilitator,Supervisor,800
359,Human Optimization Planner,Engineer,900
360,Principal Research Agent,Officer,800
361,Dynamic Solutions Administrator,Facilitator,700
362,Direct Implementation Administrator,Officer,1500
363,Lead Data Supervisor,Technician,900
364,Senior Creative Associate,Facilitator,1500
365,District Assurance Orchestrator,Supervisor,800
366,Investor Integration Officer,Designer,1000
367,Internal Implementation Specialist,Designer,2000
368,Dynamic Identity Supervisor,Agent,300
369,Global Applications Administrator,Agent,500
370,Senior Group Orchestrator,Consultant,600
371,Customer Web Developer,Representative,600
372,Central Markets Consultant,Developer,2000
373,District Web Administrator,Architect,600
374,Dynamic Assurance Specialist,Administrator,2000
375,Lead Data Assistant,Developer,1000
376,Global Paradigm Manager,Developer,2000
377,International Division Producer,Administrator,1000
378,Principal Markets Administrator,Associate,600
379,Internal Paradigm Technician,Executive,300
380,Direct Interactions Producer,Planner,900
381,Direct Configuration Orchestrator,Liaison,900
382,District Implementation Consultant,Specialist,500
383,Customer Optimization Designer,Consultant,600
384,Dynamic Quality Manager,Developer,1000
385,Chief Quality Director,Coordinator,1000
386,Central Interactions Consultant,Facilitator,500
387,Direct Quality Engineer,Agent,400
388,Principal Markets Agent,Executive,700
389,Global Assurance Officer,Agent,1000
390,Investor Functionality Manager,Coordinator,1500
391,Senior Solutions Representative,Specialist,900
392,Human Creative Producer,Manager,1000
393,Global Identity Liaison,Designer,700
394,Legacy Assurance Developer,Manager,300
395,Corporate Mobility Coordinator,Analyst,2000
396,National Quality Planner,Planner,2000
397,Dynamic Division Designer,Architect,400
398,Direct Quality Developer,Supervisor,500
399,District Implementation Orchestrator,Analyst,800
400,Product Quality Designer,Designer,2000
401,National Identity Specialist,Engineer,700
402,Investor Group Executive,Architect,400
403,International Assurance Director,Planner,1500
404,Chief Research Architect,Specialist,400
405,Central Response Strategist,Coordinator,900
406,Future Branding Associate,Agent,400
407,Central Assurance Technician,Consultant,500
408,Regional Division Representative,Specialist,800
409,Senior Accountability Orchestrator,Facilitator,1500
410,District Accounts Administrator,Assistant,700
411,Lead Implementation Administrator,Officer,300
412,Central Operations Consultant,Administrator,2000
413,Future Accounts Orchestrator,Specialist,1500
414,Chief Brand Facilitator,Specialist,600
415,Customer Configuration Orchestrator,Liaison,800
416,National Division Orchestrator,Assistant,1000
417,Central Branding Developer,Facilitator,700
418,Chief Identity Engineer,Developer,500
419,Lead Interactions Liaison,Manager,1500
420,Future Intranet Strategist,Engineer,800
421,Regional Optimization Planner,Architect,1500
422,Direct Response Designer,Coordinator,500
423,Chief Division Engineer,Executive,300
424,Forward Infrastructure Executive,Assistant,1000
425,Direct Marketing Analyst,Associate,700
426,Lead Identity Specialist,Engineer,600
427,Senior Web Administrator,Consultant,900
428,Future Web Specialist,Analyst,2000
429,Legacy Branding Architect,Coordinator,1000
430,Forward Optimization Assistant,Officer,900
431,National Metrics Technician,Associate,400
432,Dynamic Infrastructure Facilitator,Supervisor,300
433,Product Assurance Technician,Director,1000
434,National Division Coordinator,Director,2000
435,Product Paradigm Engineer,Producer,500
436,Direct Creative Associate,Developer,1500
437,Senior Infrastructure Specialist,Technician,900
438,Legacy Solutions Liaison,Architect,1000
439,Principal Accountability Analyst,Orchestrator,800
440,Regional Program Designer,Associate,700
441,National Security Supervisor,Manager,2000
442,Senior Data Producer,Consultant,700
443,National Security Representative,Engineer,800
444,Investor Assurance Coordinator,Facilitator,800
445,District Brand Orchestrator,Analyst,300
446,Regional Tactics Assistant,Specialist,800
447,Investor Research Consultant,Executive,400
448,Corporate Markets Executive,Administrator,1000
449,Lead Brand Representative,Facilitator,700
450,District Quality Technician,Administrator,2000
451,Future Markets Technician,Officer,2000
452,Chief Operations Specialist,Executive,400
453,Internal Configuration Assistant,Technician,300
454,Central Assurance Producer,Executive,800
455,Customer Implementation Consultant,Analyst,400
456,Forward Operations Consultant,Coordinator,2000
457,Central Directives Designer,Facilitator,300
458,Dynamic Quality Executive,Representative,1500
459,Internal Usability Designer,Producer,300
460,Lead Operations Associate,Agent,800
461,Direct Data Manager,Facilitator,1500
462,Corporate Tactics Executive,Technician,600
463,Direct Program Facilitator,Technician,600
464,National Response Liaison,Agent,900
465,Internal Intranet Agent,Manager,600
466,Human Usability Manager,Developer,1500
467,Legacy Paradigm Planner,Executive,900
468,Product Division Orchestrator,Facilitator,1000
469,National Assurance Specialist,Associate,900
470,Principal Optimization Representative,Manager,400
471,Principal Branding Designer,Analyst,800
472,Forward Markets Coordinator,Developer,600
473,Senior Markets Technician,Strategist,300
474,Customer Markets Supervisor,Facilitator,1000
475,Product Branding Supervisor,Specialist,300
476,Forward Implementation Facilitator,Assistant,1000
477,Global Accounts Director,Developer,300
478,Product Markets Officer,Liaison,2000
479,Regional Configuration Developer,Planner,2000
480,Regional Markets Assistant,Representative,400
481,Central Mobility Representative,Engineer,700
482,Senior Integration Manager,Producer,700
483,Lead Group Producer,Liaison,700
484,Forward Program Assistant,Supervisor,400
485,Global Tactics Liaison,Assistant,900
486,Senior Creative Consultant,Administrator,1500
487,Customer Infrastructure Developer,Agent,1000
488,Chief Functionality Assistant,Technician,600
489,Corporate Tactics Administrator,Designer,900
490,National Branding Producer,Director,500
491,Chief Marketing Technician,Associate,300
492,Global Web Executive,Executive,300
493,Legacy Functionality Director,Administrator,900
494,Principal Solutions Director,Producer,700
495,Lead Security Developer,Agent,900
496,International Functionality Specialist,Strategist,1000
497,Global Infrastructure Engineer,Administrator,2000
498,Internal Interactions Analyst,Executive,600
499,Future Paradigm Representative,Strategist,500
500,Dynamic Group Specialist,Officer,900
##
1,MacGyver,Max,Senior Communications Officer,37
###
1,not successfully,375